{
  "bySchool": {
    "nam-phai": {
      "min": 22.5,
      "max": 82.5,
      "mean": 54.37641509434009,
      "median": 55,
      "histogram": {
        "40-44": 121,
        "35-39": 99,
        "45-49": 140,
        "70-74": 157,
        "60-64": 149,
        "50-54": 110,
        "65-69": 67,
        "25-29": 47,
        "75-79": 61,
        "55-59": 178,
        "80-84": 7,
        "20-24": 14,
        "30-34": 16
      }
    },
    "trung-chau": {
      "min": 28.8,
      "max": 88.8,
      "mean": 60.66286449399708,
      "median": 61.3,
      "histogram": {
        "45-49": 120,
        "40-44": 98,
        "50-54": 86,
        "75-79": 172,
        "55-59": 153,
        "70-74": 189,
        "65-69": 47,
        "35-39": 61,
        "80-84": 61,
        "60-64": 156,
        "85-89": 7,
        "25-29": 14,
        "30-34": 2
      }
    }
  }
}
